RunSampleID	PathwayID	weightedSum
USDA_RUN12_D12.BAF	path:map00010	10272.034397546895
USDA_RUN12_D12.BAF	path:map00020	3186.5559551559554
USDA_RUN12_D12.BAF	path:map00030	8248.451370851371
USDA_RUN12_D12.BAF	path:map00040	11391.680555555555
USDA_RUN12_D12.BAF	path:map00051	8544.460606060606
USDA_RUN12_D12.BAF	path:map00052	11191.883333333333
USDA_RUN12_D12.BAF	path:map00053	3685.861111111111
USDA_RUN12_D12.BAF	path:map00061	2004.0772727272727
USDA_RUN12_D12.BAF	path:map00071	1236.3446976011603
USDA_RUN12_D12.BAF	path:map00072	184.81453634085213
USDA_RUN12_D12.BAF	path:map00121	797.3333333333334
USDA_RUN12_D12.BAF	path:map00130	1470.1
USDA_RUN12_D12.BAF	path:map00190	16592.874747474747
USDA_RUN12_D12.BAF	path:map00220	3394.0388167388164
USDA_RUN12_D12.BAF	path:map00230	37483.80822510822
USDA_RUN12_D12.BAF	path:map00240	27571.930952380953
USDA_RUN12_D12.BAF	path:map00250	10551.99476911977
USDA_RUN12_D12.BAF	path:map00260	5793.845923520924
USDA_RUN12_D12.BAF	path:map00261	1124.8031746031745
USDA_RUN12_D12.BAF	path:map00270	8091.336976911977
USDA_RUN12_D12.BAF	path:map00280	939.0441772881401
USDA_RUN12_D12.BAF	path:map00281	138.7293523469994
USDA_RUN12_D12.BAF	path:map00290	3267.428571428571
USDA_RUN12_D12.BAF	path:map00300	4112.779365079366
USDA_RUN12_D12.BAF	path:map00310	2689.9125755565383
USDA_RUN12_D12.BAF	path:map00330	5550.068253968254
USDA_RUN12_D12.BAF	path:map00340	2918.2277777777776
USDA_RUN12_D12.BAF	path:map00350	1407.2619921744922
USDA_RUN12_D12.BAF	path:map00360	2330.1012626262627
USDA_RUN12_D12.BAF	path:map00362	1133.0923013862641
USDA_RUN12_D12.BAF	path:map00364	82.9095238095238
USDA_RUN12_D12.BAF	path:map00380	600.3949015638644
USDA_RUN12_D12.BAF	path:map00400	3151.3651515151514
USDA_RUN12_D12.BAF	path:map00401	269.1484848484848
USDA_RUN12_D12.BAF	path:map00410	832.7480392156863
USDA_RUN12_D12.BAF	path:map00430	663.1714285714286
USDA_RUN12_D12.BAF	path:map00440	1533.25
USDA_RUN12_D12.BAF	path:map00450	9032.138095238095
USDA_RUN12_D12.BAF	path:map00460	1334.8333333333333
USDA_RUN12_D12.BAF	path:map00471	1349.4444444444443
USDA_RUN12_D12.BAF	path:map00472	864.6666666666666
USDA_RUN12_D12.BAF	path:map00473	834.25
USDA_RUN12_D12.BAF	path:map00480	2175.700036075036
USDA_RUN12_D12.BAF	path:map00500	19891.190404040404
USDA_RUN12_D12.BAF	path:map00511	5213.375
USDA_RUN12_D12.BAF	path:map00520	17287.23207070707
USDA_RUN12_D12.BAF	path:map00521	2040.2348484848485
USDA_RUN12_D12.BAF	path:map00531	318.75
USDA_RUN12_D12.BAF	path:map00540	3731
USDA_RUN12_D12.BAF	path:map00550	12174.833333333332
USDA_RUN12_D12.BAF	path:map00561	4710.303968253968
USDA_RUN12_D12.BAF	path:map00564	6592.976190476191
USDA_RUN12_D12.BAF	path:map00620	12954.067533343848
USDA_RUN12_D12.BAF	path:map00622	174.79365079365078
USDA_RUN12_D12.BAF	path:map00625	591.6710470085469
USDA_RUN12_D12.BAF	path:map00627	352.3174603174603
USDA_RUN12_D12.BAF	path:map00630	4324.0738825501985
USDA_RUN12_D12.BAF	path:map00633	789.5692307692308
USDA_RUN12_D12.BAF	path:map00640	8333.746200265165
USDA_RUN12_D12.BAF	path:map00643	551.1047619047619
USDA_RUN12_D12.BAF	path:map00650	5841.827982371946
USDA_RUN12_D12.BAF	path:map00660	1361.774603174603
USDA_RUN12_D12.BAF	path:map00670	3068.4785714285713
USDA_RUN12_D12.BAF	path:map00680	3897.849263236763
USDA_RUN12_D12.BAF	path:map00710	3922.4339466089473
USDA_RUN12_D12.BAF	path:map00720	5108.281422232739
USDA_RUN12_D12.BAF	path:map00730	6037.316666666667
USDA_RUN12_D12.BAF	path:map00740	1124.2
USDA_RUN12_D12.BAF	path:map00750	2150.9166666666665
USDA_RUN12_D12.BAF	path:map00760	5486.442857142857
USDA_RUN12_D12.BAF	path:map00770	4786.5976190476185
USDA_RUN12_D12.BAF	path:map00780	2490.4166666666665
USDA_RUN12_D12.BAF	path:map00785	522
USDA_RUN12_D12.BAF	path:map00790	3906.7833333333333
USDA_RUN12_D12.BAF	path:map00791	119.38333333333333
USDA_RUN12_D12.BAF	path:map00860	7388.308333333333
USDA_RUN12_D12.BAF	path:map00900	2756.414536340852
USDA_RUN12_D12.BAF	path:map00903	64.4313725490196
USDA_RUN12_D12.BAF	path:map00910	7430.57453102453
USDA_RUN12_D12.BAF	path:map00920	4815.746428571429
USDA_RUN12_D12.BAF	path:map00930	91.26470588235294
USDA_RUN12_D12.BAF	path:map00960	349.5234848484848
USDA_RUN12_D12.BAF	path:map00970	59792.4
USDA_RUN12_D12.BAF	path:map00983	3998.3615079365077
USDA_RUN12_D12.BAF	path:map01053	1809.3333333333333
USDA_RUN12_D12.BAF	path:map01100	179956.02276675438
USDA_RUN12_D12.BAF	path:map01110	51445.67381570525
USDA_RUN12_D12.BAF	path:map01120	39229.01674222319
USDA_RUN12_D12.BAF	path:map01130	34768.24127602271
USDA_RUN12_D12.BAF	path:map01200	15901.281213862672
USDA_RUN12_D12.BAF	path:map01210	5249.739646464646
USDA_RUN12_D12.BAF	path:map01212	2422.4009233198863
USDA_RUN12_D12.BAF	path:map01230	23260.46323953823
USDA_RUN12_D12.BAF	path:map01501	7212.333333333334
USDA_RUN12_D12.BAF	path:map01502	2316.333333333333
USDA_RUN12_D12.BAF	path:map01503	6270.25
USDA_RUN12_D12.BAF	path:map02010	121190.83333333334
USDA_RUN12_D12.BAF	path:map02020	52689.157465633776
USDA_RUN12_D12.BAF	path:map02024	31743.250000000004
USDA_RUN12_D12.BAF	path:map02025	2441.3
USDA_RUN12_D12.BAF	path:map02026	6644.716666666667
USDA_RUN12_D12.BAF	path:map02030	5381.333333333333
USDA_RUN12_D12.BAF	path:map02040	6584.533333333334
USDA_RUN12_D12.BAF	path:map02060	13689.583333333334
USDA_RUN12_D12.BAF	path:map03010	41886
USDA_RUN12_D12.BAF	path:map03018	17427.833333333332
USDA_RUN12_D12.BAF	path:map03030	7837.249999999999
USDA_RUN12_D12.BAF	path:map03060	5681
USDA_RUN12_D12.BAF	path:map03070	13866.499999999998
USDA_RUN12_D12.BAF	path:map03410	7049.583333333333
USDA_RUN12_D12.BAF	path:map03430	16018.583333333334
USDA_RUN12_D12.BAF	path:map03440	16493.333333333336
USDA_RUN12_D12.BAF	path:map04112	12939.5
USDA_RUN12_D12.BAF	path:map04122	4147.8
USDA_RUN12_D12.BAF	path:map04964	99.69444444444444
USDA_RUN12_D12.BAF	path:map05111	3531.5916666666667
USDA_RUN12_D13.BAF	path:map00010	10510.944223831722
USDA_RUN12_D13.BAF	path:map00020	3295.9167360417364
USDA_RUN12_D13.BAF	path:map00030	8156.948124098124
USDA_RUN12_D13.BAF	path:map00040	11105.472222222223
USDA_RUN12_D13.BAF	path:map00051	8944.648701298702
USDA_RUN12_D13.BAF	path:map00052	10919.80137085137
USDA_RUN12_D13.BAF	path:map00053	3803
USDA_RUN12_D13.BAF	path:map00061	2023.3378787878787
USDA_RUN12_D13.BAF	path:map00071	1434.6679657674626
USDA_RUN12_D13.BAF	path:map00072	223.2781954887218
USDA_RUN12_D13.BAF	path:map00121	782.6666666666666
USDA_RUN12_D13.BAF	path:map00130	1997.7999999999997
USDA_RUN12_D13.BAF	path:map00190	16598.546464646464
USDA_RUN12_D13.BAF	path:map00220	3274.125937950938
USDA_RUN12_D13.BAF	path:map00230	37791.99783549783
USDA_RUN12_D13.BAF	path:map00240	27618.323809523812
USDA_RUN12_D13.BAF	path:map00250	10696.62712842713
USDA_RUN12_D13.BAF	path:map00260	6377.788636363636
USDA_RUN12_D13.BAF	path:map00261	1159.1238095238095
USDA_RUN12_D13.BAF	path:map00270	8198.766197691199
USDA_RUN12_D13.BAF	path:map00280	1090.9406583526552
USDA_RUN12_D13.BAF	path:map00281	180.3440285204991
USDA_RUN12_D13.BAF	path:map00290	3283.279761904762
USDA_RUN12_D13.BAF	path:map00300	3911.372619047619
USDA_RUN12_D13.BAF	path:map00310	3115.639540026537
USDA_RUN12_D13.BAF	path:map00330	6481.411904761905
USDA_RUN12_D13.BAF	path:map00340	3599.8166666666666
USDA_RUN12_D13.BAF	path:map00350	1609.917495004995
USDA_RUN12_D13.BAF	path:map00360	2866.5003246753245
USDA_RUN12_D13.BAF	path:map00362	1488.7365097235065
USDA_RUN12_D13.BAF	path:map00364	136.26190476190476
USDA_RUN12_D13.BAF	path:map00380	779.8405473525443
USDA_RUN12_D13.BAF	path:map00400	3289.426515151515
USDA_RUN12_D13.BAF	path:map00401	309.4848484848485
USDA_RUN12_D13.BAF	path:map00410	974.6970588235295
USDA_RUN12_D13.BAF	path:map00430	803.1583333333333
USDA_RUN12_D13.BAF	path:map00440	2068.25
USDA_RUN12_D13.BAF	path:map00450	8832.119047619048
USDA_RUN12_D13.BAF	path:map00460	1348.25
USDA_RUN12_D13.BAF	path:map00471	1400.7777777777776
USDA_RUN12_D13.BAF	path:map00472	833.5
USDA_RUN12_D13.BAF	path:map00473	873
USDA_RUN12_D13.BAF	path:map00480	2901.539574314574
USDA_RUN12_D13.BAF	path:map00500	20438.116414141416
USDA_RUN12_D13.BAF	path:map00511	4589.291666666667
USDA_RUN12_D13.BAF	path:map00520	16938.28308080808
USDA_RUN12_D13.BAF	path:map00521	1986.0636363636363
USDA_RUN12_D13.BAF	path:map00531	268.2083333333333
USDA_RUN12_D13.BAF	path:map00540	4470.166666666667
USDA_RUN12_D13.BAF	path:map00550	12499
USDA_RUN12_D13.BAF	path:map00561	4952.628571428571
USDA_RUN12_D13.BAF	path:map00564	7154.261904761905
USDA_RUN12_D13.BAF	path:map00620	13290.864159524685
USDA_RUN12_D13.BAF	path:map00622	202.28571428571428
USDA_RUN12_D13.BAF	path:map00625	588.6028846153846
USDA_RUN12_D13.BAF	path:map00627	517.7476190476191
USDA_RUN12_D13.BAF	path:map00630	4667.977687663214
USDA_RUN12_D13.BAF	path:map00633	814.3307692307693
USDA_RUN12_D13.BAF	path:map00640	8642.170237107235
USDA_RUN12_D13.BAF	path:map00643	585.7285714285714
USDA_RUN12_D13.BAF	path:map00650	6265.058043745042
USDA_RUN12_D13.BAF	path:map00660	1489.3015873015872
USDA_RUN12_D13.BAF	path:map00670	3162.392857142857
USDA_RUN12_D13.BAF	path:map00680	3921.2871725496725
USDA_RUN12_D13.BAF	path:map00710	3885.142712842713
USDA_RUN12_D13.BAF	path:map00720	5211.2722764078035
USDA_RUN12_D13.BAF	path:map00730	6051.333333333333
USDA_RUN12_D13.BAF	path:map00740	1320.0666666666666
USDA_RUN12_D13.BAF	path:map00750	2206.9166666666665
USDA_RUN12_D13.BAF	path:map00760	5853.419047619048
USDA_RUN12_D13.BAF	path:map00770	4792.190476190476
USDA_RUN12_D13.BAF	path:map00780	2956.0833333333335
USDA_RUN12_D13.BAF	path:map00785	615
USDA_RUN12_D13.BAF	path:map00790	4225.933333333333
USDA_RUN12_D13.BAF	path:map00791	164.46666666666667
USDA_RUN12_D13.BAF	path:map00860	8192.233333333334
USDA_RUN12_D13.BAF	path:map00900	2754.361528822055
USDA_RUN12_D13.BAF	path:map00903	91.31372549019608
USDA_RUN12_D13.BAF	path:map00910	8500.393795093794
USDA_RUN12_D13.BAF	path:map00920	5843.969047619047
USDA_RUN12_D13.BAF	path:map00930	107.42483660130719
USDA_RUN12_D13.BAF	path:map00960	520.6098484848485
USDA_RUN12_D13.BAF	path:map00970	59547.1
USDA_RUN12_D13.BAF	path:map00983	3866.4896825396822
USDA_RUN12_D13.BAF	path:map01053	2032.8666666666666
USDA_RUN12_D13.BAF	path:map01100	187207.19804957267
USDA_RUN12_D13.BAF	path:map01110	52884.17034116981
USDA_RUN12_D13.BAF	path:map01120	41659.487407436885
USDA_RUN12_D13.BAF	path:map01130	35284.97351577298
USDA_RUN12_D13.BAF	path:map01200	16320.473715573207
USDA_RUN12_D13.BAF	path:map01210	5153.054184704185
USDA_RUN12_D13.BAF	path:map01212	2569.1029599399567
USDA_RUN12_D13.BAF	path:map01230	23159.93326118325
USDA_RUN12_D13.BAF	path:map01501	8368.166666666668
USDA_RUN12_D13.BAF	path:map01502	2326.6666666666665
USDA_RUN12_D13.BAF	path:map01503	7906.166666666667
USDA_RUN12_D13.BAF	path:map02010	124395.00000000001
USDA_RUN12_D13.BAF	path:map02020	56901.595439355966
USDA_RUN12_D13.BAF	path:map02024	33243.575000000004
USDA_RUN12_D13.BAF	path:map02025	2981.575
USDA_RUN12_D13.BAF	path:map02026	8641.358333333334
USDA_RUN12_D13.BAF	path:map02030	5381
USDA_RUN12_D13.BAF	path:map02040	6866.183333333333
USDA_RUN12_D13.BAF	path:map02060	15190.5
USDA_RUN12_D13.BAF	path:map03010	41051
USDA_RUN12_D13.BAF	path:map03018	17608.919047619045
USDA_RUN12_D13.BAF	path:map03030	7868.761904761904
USDA_RUN12_D13.BAF	path:map03060	5830.166666666667
USDA_RUN12_D13.BAF	path:map03070	14235.833333333332
USDA_RUN12_D13.BAF	path:map03410	7103.095238095238
USDA_RUN12_D13.BAF	path:map03430	15958.000000000002
USDA_RUN12_D13.BAF	path:map03440	17358.428571428572
USDA_RUN12_D13.BAF	path:map04112	12837.25
USDA_RUN12_D13.BAF	path:map04122	4233.5999999999995
USDA_RUN12_D13.BAF	path:map04964	111.27777777777777
USDA_RUN12_D13.BAF	path:map05111	4126.616666666667
USDA_RUN12_D14.BAF	path:map00010	11795.851617826615
USDA_RUN12_D14.BAF	path:map00020	3876.7396991896994
USDA_RUN12_D14.BAF	path:map00030	9420.178968253967
USDA_RUN12_D14.BAF	path:map00040	13929.083333333332
USDA_RUN12_D14.BAF	path:map00051	11006.642568542567
USDA_RUN12_D14.BAF	path:map00052	12479.713059163058
USDA_RUN12_D14.BAF	path:map00053	5230.638888888889
USDA_RUN12_D14.BAF	path:map00061	2406.8863636363635
USDA_RUN12_D14.BAF	path:map00071	1904.742967180738
USDA_RUN12_D14.BAF	path:map00072	318.9674185463659
USDA_RUN12_D14.BAF	path:map00121	439
USDA_RUN12_D14.BAF	path:map00130	3305.723809523809
USDA_RUN12_D14.BAF	path:map00190	17874.164646464644
USDA_RUN12_D14.BAF	path:map00220	3463.701082251082
USDA_RUN12_D14.BAF	path:map00230	42754.48203463203
USDA_RUN12_D14.BAF	path:map00240	29452.02380952381
USDA_RUN12_D14.BAF	path:map00250	11415.710606060607
USDA_RUN12_D14.BAF	path:map00260	8483.876911976911
USDA_RUN12_D14.BAF	path:map00261	1311.090476190476
USDA_RUN12_D14.BAF	path:map00270	10203.021572871574
USDA_RUN12_D14.BAF	path:map00280	1498.7184944312653
USDA_RUN12_D14.BAF	path:map00281	267.98336304218657
USDA_RUN12_D14.BAF	path:map00290	3643.2619047619046
USDA_RUN12_D14.BAF	path:map00300	4193.476190476191
USDA_RUN12_D14.BAF	path:map00310	4349.639454027225
USDA_RUN12_D14.BAF	path:map00330	9126.169841269842
USDA_RUN12_D14.BAF	path:map00340	4590.538888888889
USDA_RUN12_D14.BAF	path:map00350	2288.861713286713
USDA_RUN12_D14.BAF	path:map00360	4641.480241980242
USDA_RUN12_D14.BAF	path:map00362	2444.8158609536317
USDA_RUN12_D14.BAF	path:map00364	281.06666666666666
USDA_RUN12_D14.BAF	path:map00380	1135.9167434045144
USDA_RUN12_D14.BAF	path:map00400	3881.538636363636
USDA_RUN12_D14.BAF	path:map00401	402.43030303030304
USDA_RUN12_D14.BAF	path:map00410	1398.5101307189543
USDA_RUN12_D14.BAF	path:map00430	1022.6488095238095
USDA_RUN12_D14.BAF	path:map00440	3179.3333333333335
USDA_RUN12_D14.BAF	path:map00450	9672.857142857143
USDA_RUN12_D14.BAF	path:map00460	1586.7333333333333
USDA_RUN12_D14.BAF	path:map00471	1603.1666666666665
USDA_RUN12_D14.BAF	path:map00472	975
USDA_RUN12_D14.BAF	path:map00473	1036.5833333333333
USDA_RUN12_D14.BAF	path:map00480	4282.0772005772005
USDA_RUN12_D14.BAF	path:map00500	25269.680303030305
USDA_RUN12_D14.BAF	path:map00511	4095.8333333333335
USDA_RUN12_D14.BAF	path:map00520	18248.030303030304
USDA_RUN12_D14.BAF	path:map00521	2115.9636363636364
USDA_RUN12_D14.BAF	path:map00531	277.6666666666667
USDA_RUN12_D14.BAF	path:map00540	6730.666666666667
USDA_RUN12_D14.BAF	path:map00550	15138.583333333332
USDA_RUN12_D14.BAF	path:map00561	6441.736507936508
USDA_RUN12_D14.BAF	path:map00564	9647.297619047618
USDA_RUN12_D14.BAF	path:map00620	15108.356215860162
USDA_RUN12_D14.BAF	path:map00622	339.05555555555554
USDA_RUN12_D14.BAF	path:map00625	592.8600427350427
USDA_RUN12_D14.BAF	path:map00627	841.9460317460317
USDA_RUN12_D14.BAF	path:map00630	6254.199999853948
USDA_RUN12_D14.BAF	path:map00633	1034.1153846153845
USDA_RUN12_D14.BAF	path:map00640	10811.409780922551
USDA_RUN12_D14.BAF	path:map00643	727.4380952380952
USDA_RUN12_D14.BAF	path:map00650	7143.263929551702
USDA_RUN12_D14.BAF	path:map00660	1838.95873015873
USDA_RUN12_D14.BAF	path:map00670	3689.5119047619046
USDA_RUN12_D14.BAF	path:map00680	4601.546264846264
USDA_RUN12_D14.BAF	path:map00710	4033.407431457432
USDA_RUN12_D14.BAF	path:map00720	5561.395176899125
USDA_RUN12_D14.BAF	path:map00730	6712.683333333333
USDA_RUN12_D14.BAF	path:map00740	1871.7166666666665
USDA_RUN12_D14.BAF	path:map00750	2462.4583333333335
USDA_RUN12_D14.BAF	path:map00760	6983.195238095238
USDA_RUN12_D14.BAF	path:map00770	5565.357142857143
USDA_RUN12_D14.BAF	path:map00780	4154.916666666667
USDA_RUN12_D14.BAF	path:map00785	811
USDA_RUN12_D14.BAF	path:map00790	6020.583333333333
USDA_RUN12_D14.BAF	path:map00791	260.7833333333333
USDA_RUN12_D14.BAF	path:map00860	11546.95
USDA_RUN12_D14.BAF	path:map00900	3185.467418546366
USDA_RUN12_D14.BAF	path:map00903	144.82679738562092
USDA_RUN12_D14.BAF	path:map00910	11100.683621933622
USDA_RUN12_D14.BAF	path:map00920	8340.757142857143
USDA_RUN12_D14.BAF	path:map00930	150.43790849673204
USDA_RUN12_D14.BAF	path:map00960	893.8469696969697
USDA_RUN12_D14.BAF	path:map00970	58447
USDA_RUN12_D14.BAF	path:map00983	4134.788888888888
USDA_RUN12_D14.BAF	path:map01053	2678.333333333333
USDA_RUN12_D14.BAF	path:map01100	223835.8083628962
USDA_RUN12_D14.BAF	path:map01110	62410.13304377078
USDA_RUN12_D14.BAF	path:map01120	52048.35629551904
USDA_RUN12_D14.BAF	path:map01130	39962.865644503385
USDA_RUN12_D14.BAF	path:map01200	18629.893444481208
USDA_RUN12_D14.BAF	path:map01210	5544.552236652236
USDA_RUN12_D14.BAF	path:map01212	3171.319288082059
USDA_RUN12_D14.BAF	path:map01230	25777.64992784991
USDA_RUN12_D14.BAF	path:map01501	12383.083333333332
USDA_RUN12_D14.BAF	path:map01502	2631.75
USDA_RUN12_D14.BAF	path:map01503	12127.833333333334
USDA_RUN12_D14.BAF	path:map02010	159542.5
USDA_RUN12_D14.BAF	path:map02020	76936.46092503988
USDA_RUN12_D14.BAF	path:map02024	42834.60833333333
USDA_RUN12_D14.BAF	path:map02025	4861.625
USDA_RUN12_D14.BAF	path:map02026	13977.066666666668
USDA_RUN12_D14.BAF	path:map02030	6882.166666666667
USDA_RUN12_D14.BAF	path:map02040	9162.55
USDA_RUN12_D14.BAF	path:map02060	19613.916666666668
USDA_RUN12_D14.BAF	path:map03010	38686
USDA_RUN12_D14.BAF	path:map03018	19224.509523809524
USDA_RUN12_D14.BAF	path:map03030	8488.190476190475
USDA_RUN12_D14.BAF	path:map03060	6785.166666666667
USDA_RUN12_D14.BAF	path:map03070	14712.499999999998
USDA_RUN12_D14.BAF	path:map03410	8494.190476190475
USDA_RUN12_D14.BAF	path:map03430	17507.666666666668
USDA_RUN12_D14.BAF	path:map03440	20622.52380952381
USDA_RUN12_D14.BAF	path:map04112	13823.75
USDA_RUN12_D14.BAF	path:map04122	5249.4
USDA_RUN12_D14.BAF	path:map04964	150.45833333333331
USDA_RUN12_D14.BAF	path:map05111	6248
USDA_RUN12_D25.BAF	path:map00010	16905.292458929955
USDA_RUN12_D25.BAF	path:map00020	5165.855869130869
USDA_RUN12_D25.BAF	path:map00030	12078.342099567099
USDA_RUN12_D25.BAF	path:map00040	19119.11111111111
USDA_RUN12_D25.BAF	path:map00051	16807.722077922077
USDA_RUN12_D25.BAF	path:map00052	15464.474386724385
USDA_RUN12_D25.BAF	path:map00053	8312.333333333334
USDA_RUN12_D25.BAF	path:map00061	2970.169696969697
USDA_RUN12_D25.BAF	path:map00071	3509.892863951494
USDA_RUN12_D25.BAF	path:map00072	679.2681704260651
USDA_RUN12_D25.BAF	path:map00121	60.33333333333333
USDA_RUN12_D25.BAF	path:map00130	6714.2357142857145
USDA_RUN12_D25.BAF	path:map00190	21631.303030303032
USDA_RUN12_D25.BAF	path:map00220	3649.1041486291488
USDA_RUN12_D25.BAF	path:map00230	51976.71049783549
USDA_RUN12_D25.BAF	path:map00240	30635.630952380954
USDA_RUN12_D25.BAF	path:map00250	13075.032720057721
USDA_RUN12_D25.BAF	path:map00260	14329.024567099568
USDA_RUN12_D25.BAF	path:map00261	1835.1571428571428
USDA_RUN12_D25.BAF	path:map00270	14100.52435064935
USDA_RUN12_D25.BAF	path:map00280	2245.258546879677
USDA_RUN12_D25.BAF	path:map00281	510.36393345216874
USDA_RUN12_D25.BAF	path:map00290	4570.132936507936
USDA_RUN12_D25.BAF	path:map00300	4395.577380952381
USDA_RUN12_D25.BAF	path:map00310	6843.960350631481
USDA_RUN12_D25.BAF	path:map00330	17828.842857142856
USDA_RUN12_D25.BAF	path:map00340	7247.55
USDA_RUN12_D25.BAF	path:map00350	4854.273205960706
USDA_RUN12_D25.BAF	path:map00360	10875.115223665223
USDA_RUN12_D25.BAF	path:map00362	5627.911468957599
USDA_RUN12_D25.BAF	path:map00364	852.2619047619047
USDA_RUN12_D25.BAF	path:map00380	2060.441669312799
USDA_RUN12_D25.BAF	path:map00400	5163.438636363637
USDA_RUN12_D25.BAF	path:map00401	580.430303030303
USDA_RUN12_D25.BAF	path:map00410	2619.8624183006536
USDA_RUN12_D25.BAF	path:map00430	1869.5916666666667
USDA_RUN12_D25.BAF	path:map00440	7326.666666666667
USDA_RUN12_D25.BAF	path:map00450	10482.79523809524
USDA_RUN12_D25.BAF	path:map00460	2135.733333333333
USDA_RUN12_D25.BAF	path:map00471	1953.2222222222222
USDA_RUN12_D25.BAF	path:map00472	373.8333333333333
USDA_RUN12_D25.BAF	path:map00473	1400.25
USDA_RUN12_D25.BAF	path:map00480	9121.885497835498
USDA_RUN12_D25.BAF	path:map00500	39608.952020202014
USDA_RUN12_D25.BAF	path:map00511	2191.9166666666665
USDA_RUN12_D25.BAF	path:map00520	20419.068686868686
USDA_RUN12_D25.BAF	path:map00521	2881.0075757575755
USDA_RUN12_D25.BAF	path:map00531	276.75
USDA_RUN12_D25.BAF	path:map00540	12263.166666666666
USDA_RUN12_D25.BAF	path:map00550	20152.333333333332
USDA_RUN12_D25.BAF	path:map00561	10067.65873015873
USDA_RUN12_D25.BAF	path:map00564	16122.714285714286
USDA_RUN12_D25.BAF	path:map00620	19318.81559799849
USDA_RUN12_D25.BAF	path:map00622	857.1984126984127
USDA_RUN12_D25.BAF	path:map00625	577.0214743589743
USDA_RUN12_D25.BAF	path:map00627	1916.874603174603
USDA_RUN12_D25.BAF	path:map00630	9099.563233696128
USDA_RUN12_D25.BAF	path:map00633	1175.2230769230769
USDA_RUN12_D25.BAF	path:map00640	15776.917626688755
USDA_RUN12_D25.BAF	path:map00643	893.9690476190476
USDA_RUN12_D25.BAF	path:map00650	9460.649156270287
USDA_RUN12_D25.BAF	path:map00660	2915.1269841269846
USDA_RUN12_D25.BAF	path:map00670	4460.7095238095235
USDA_RUN12_D25.BAF	path:map00680	6093.261803474304
USDA_RUN12_D25.BAF	path:map00710	4489.7386002886005
USDA_RUN12_D25.BAF	path:map00720	5742.293880826775
USDA_RUN12_D25.BAF	path:map00730	7730.566666666667
USDA_RUN12_D25.BAF	path:map00740	3312.0999999999995
USDA_RUN12_D25.BAF	path:map00750	3705.125
USDA_RUN12_D25.BAF	path:map00760	9731.628571428571
USDA_RUN12_D25.BAF	path:map00770	6798.043650793651
USDA_RUN12_D25.BAF	path:map00780	6997
USDA_RUN12_D25.BAF	path:map00785	1420.5
USDA_RUN12_D25.BAF	path:map00790	9388.683333333332
USDA_RUN12_D25.BAF	path:map00791	473.01666666666665
USDA_RUN12_D25.BAF	path:map00860	16879.88333333333
USDA_RUN12_D25.BAF	path:map00900	3811.034837092732
USDA_RUN12_D25.BAF	path:map00903	268.87908496732024
USDA_RUN12_D25.BAF	path:map00910	18255.68629148629
USDA_RUN12_D25.BAF	path:map00920	16947.311904761904
USDA_RUN12_D25.BAF	path:map00930	270.76797385620915
USDA_RUN12_D25.BAF	path:map00960	2259.8469696969696
USDA_RUN12_D25.BAF	path:map00970	53173.5
USDA_RUN12_D25.BAF	path:map00983	4432.638095238095
USDA_RUN12_D25.BAF	path:map01053	3021.3999999999996
USDA_RUN12_D25.BAF	path:map01100	307420.8093030679
USDA_RUN12_D25.BAF	path:map01110	83036.5598858186
USDA_RUN12_D25.BAF	path:map01120	80765.6424921012
USDA_RUN12_D25.BAF	path:map01130	50394.448774707365
USDA_RUN12_D25.BAF	path:map01200	22616.725658934276
USDA_RUN12_D25.BAF	path:map01210	6633.6224025974025
USDA_RUN12_D25.BAF	path:map01212	4528.3910865622165
USDA_RUN12_D25.BAF	path:map01230	30258.10111832609
USDA_RUN12_D25.BAF	path:map01501	22204.416666666668
USDA_RUN12_D25.BAF	path:map01502	2693
USDA_RUN12_D25.BAF	path:map01503	25179
USDA_RUN12_D25.BAF	path:map02010	235202.99999999997
USDA_RUN12_D25.BAF	path:map02020	127401.32336523129
USDA_RUN12_D25.BAF	path:map02024	60544.09166666666
USDA_RUN12_D25.BAF	path:map02025	12145.125
USDA_RUN12_D25.BAF	path:map02026	31284.350000000002
USDA_RUN12_D25.BAF	path:map02030	5616.833333333333
USDA_RUN12_D25.BAF	path:map02040	3220.6666666666665
USDA_RUN12_D25.BAF	path:map02060	30133.666666666668
USDA_RUN12_D25.BAF	path:map03010	31603
USDA_RUN12_D25.BAF	path:map03018	21441.08095238095
USDA_RUN12_D25.BAF	path:map03030	9435.72619047619
USDA_RUN12_D25.BAF	path:map03060	8549.5
USDA_RUN12_D25.BAF	path:map03070	21521.5
USDA_RUN12_D25.BAF	path:map03410	10123.22619047619
USDA_RUN12_D25.BAF	path:map03430	18297.416666666668
USDA_RUN12_D25.BAF	path:map03440	25467.809523809523
USDA_RUN12_D25.BAF	path:map04112	14491.25
USDA_RUN12_D25.BAF	path:map04122	7527.8
USDA_RUN12_D25.BAF	path:map04964	210.18055555555554
USDA_RUN12_D25.BAF	path:map05111	11766.916666666666
USDA_RUN12_D27.BAF	path:map00010	18917.39154456654
USDA_RUN12_D27.BAF	path:map00020	5811.980042180043
USDA_RUN12_D27.BAF	path:map00030	13457.105194805192
USDA_RUN12_D27.BAF	path:map00040	21374.041666666668
USDA_RUN12_D27.BAF	path:map00051	18773.033116883114
USDA_RUN12_D27.BAF	path:map00052	17276.23961038961
USDA_RUN12_D27.BAF	path:map00053	9152.75
USDA_RUN12_D27.BAF	path:map00061	3455.016666666667
USDA_RUN12_D27.BAF	path:map00071	3929.4381255397507
USDA_RUN12_D27.BAF	path:map00072	758.5664160401002
USDA_RUN12_D27.BAF	path:map00121	61
USDA_RUN12_D27.BAF	path:map00130	7520.200000000001
USDA_RUN12_D27.BAF	path:map00190	23966.76262626263
USDA_RUN12_D27.BAF	path:map00220	4054.8352813852816
USDA_RUN12_D27.BAF	path:map00230	58362.42088744587
USDA_RUN12_D27.BAF	path:map00240	34525.23333333333
USDA_RUN12_D27.BAF	path:map00250	14451.759090909094
USDA_RUN12_D27.BAF	path:map00260	15941.557503607504
USDA_RUN12_D27.BAF	path:map00261	2036.8095238095236
USDA_RUN12_D27.BAF	path:map00270	15676.343903318902
USDA_RUN12_D27.BAF	path:map00280	2448.255158506784
USDA_RUN12_D27.BAF	path:map00281	573.1375519904932
USDA_RUN12_D27.BAF	path:map00290	5135.849206349206
USDA_RUN12_D27.BAF	path:map00300	4923.6940476190475
USDA_RUN12_D27.BAF	path:map00310	7578.463708290333
USDA_RUN12_D27.BAF	path:map00330	19816.411904761906
USDA_RUN12_D27.BAF	path:map00340	8025.45
USDA_RUN12_D27.BAF	path:map00350	5458.99314019314
USDA_RUN12_D27.BAF	path:map00360	12141.522871572872
USDA_RUN12_D27.BAF	path:map00362	6304.501587078212
USDA_RUN12_D27.BAF	path:map00364	973.8095238095237
USDA_RUN12_D27.BAF	path:map00380	2291.9316570082824
USDA_RUN12_D27.BAF	path:map00400	5739.669696969698
USDA_RUN12_D27.BAF	path:map00401	670.6696969696969
USDA_RUN12_D27.BAF	path:map00410	2845.1996732026146
USDA_RUN12_D27.BAF	path:map00430	2085.491666666667
USDA_RUN12_D27.BAF	path:map00440	8050.166666666667
USDA_RUN12_D27.BAF	path:map00450	11844.266666666668
USDA_RUN12_D27.BAF	path:map00460	2393
USDA_RUN12_D27.BAF	path:map00471	2143.5
USDA_RUN12_D27.BAF	path:map00472	400.8333333333333
USDA_RUN12_D27.BAF	path:map00473	1562.5
USDA_RUN12_D27.BAF	path:map00480	10206.63318903319
USDA_RUN12_D27.BAF	path:map00500	44557.78838383838
USDA_RUN12_D27.BAF	path:map00511	2317.9166666666665
USDA_RUN12_D27.BAF	path:map00520	22922.438383838384
USDA_RUN12_D27.BAF	path:map00521	3152.8439393939393
USDA_RUN12_D27.BAF	path:map00531	312.2083333333333
USDA_RUN12_D27.BAF	path:map00540	13869.166666666666
USDA_RUN12_D27.BAF	path:map00550	22675.666666666668
USDA_RUN12_D27.BAF	path:map00561	11132.564285714287
USDA_RUN12_D27.BAF	path:map00564	18108.011904761905
USDA_RUN12_D27.BAF	path:map00620	21506.159553458234
USDA_RUN12_D27.BAF	path:map00622	956.7142857142857
USDA_RUN12_D27.BAF	path:map00625	643.7948717948717
USDA_RUN12_D27.BAF	path:map00627	2195.6365079365078
USDA_RUN12_D27.BAF	path:map00630	10317.30402565271
USDA_RUN12_D27.BAF	path:map00633	1344.6923076923076
USDA_RUN12_D27.BAF	path:map00640	17888.39674469837
USDA_RUN12_D27.BAF	path:map00643	1027
USDA_RUN12_D27.BAF	path:map00650	10711.348404150029
USDA_RUN12_D27.BAF	path:map00660	3195.1269841269846
USDA_RUN12_D27.BAF	path:map00670	5051.859523809524
USDA_RUN12_D27.BAF	path:map00680	6831.562148962149
USDA_RUN12_D27.BAF	path:map00710	5020.847366522367
USDA_RUN12_D27.BAF	path:map00720	6405.93866601235
USDA_RUN12_D27.BAF	path:map00730	8716.35
USDA_RUN12_D27.BAF	path:map00740	3666.433333333333
USDA_RUN12_D27.BAF	path:map00750	4124.75
USDA_RUN12_D27.BAF	path:map00760	11131.638095238097
USDA_RUN12_D27.BAF	path:map00770	7626.315873015874
USDA_RUN12_D27.BAF	path:map00780	7750.25
USDA_RUN12_D27.BAF	path:map00785	1605.5
USDA_RUN12_D27.BAF	path:map00790	10441.25
USDA_RUN12_D27.BAF	path:map00791	509.3
USDA_RUN12_D27.BAF	path:map00860	18696.241666666665
USDA_RUN12_D27.BAF	path:map00900	4252.883082706767
USDA_RUN12_D27.BAF	path:map00903	308.3496732026144
USDA_RUN12_D27.BAF	path:map00910	20208.301154401153
USDA_RUN12_D27.BAF	path:map00920	19018.86666666667
USDA_RUN12_D27.BAF	path:map00930	307.2385620915033
USDA_RUN12_D27.BAF	path:map00960	2522.836363636364
USDA_RUN12_D27.BAF	path:map00970	59103.299999999996
USDA_RUN12_D27.BAF	path:map00983	4884.078968253968
USDA_RUN12_D27.BAF	path:map01053	3324.4666666666662
USDA_RUN12_D27.BAF	path:map01100	343422.91946642107
USDA_RUN12_D27.BAF	path:map01110	92748.90729248407
USDA_RUN12_D27.BAF	path:map01120	90296.92080119756
USDA_RUN12_D27.BAF	path:map01130	56232.99697502356
USDA_RUN12_D27.BAF	path:map01200	25237.6049892316
USDA_RUN12_D27.BAF	path:map01210	7476.023665223665
USDA_RUN12_D27.BAF	path:map01212	5131.809920411546
USDA_RUN12_D27.BAF	path:map01230	33765.52997835494
USDA_RUN12_D27.BAF	path:map01501	24895.666666666668
USDA_RUN12_D27.BAF	path:map01502	3046.833333333333
USDA_RUN12_D27.BAF	path:map01503	28354.833333333332
USDA_RUN12_D27.BAF	path:map02010	262231.8333333333
USDA_RUN12_D27.BAF	path:map02020	143782.31670464043
USDA_RUN12_D27.BAF	path:map02024	67945.78333333333
USDA_RUN12_D27.BAF	path:map02025	13562.4
USDA_RUN12_D27.BAF	path:map02026	35059.816666666666
USDA_RUN12_D27.BAF	path:map02030	6311
USDA_RUN12_D27.BAF	path:map02040	3545.6666666666665
USDA_RUN12_D27.BAF	path:map02060	34043.333333333336
USDA_RUN12_D27.BAF	path:map03010	35718
USDA_RUN12_D27.BAF	path:map03018	23829.27142857143
USDA_RUN12_D27.BAF	path:map03030	10382.52380952381
USDA_RUN12_D27.BAF	path:map03060	9545.666666666666
USDA_RUN12_D27.BAF	path:map03070	24042.5
USDA_RUN12_D27.BAF	path:map03410	11215.857142857143
USDA_RUN12_D27.BAF	path:map03430	20369.166666666668
USDA_RUN12_D27.BAF	path:map03440	28125.523809523806
USDA_RUN12_D27.BAF	path:map04112	16339
USDA_RUN12_D27.BAF	path:map04122	8379.533333333333
USDA_RUN12_D27.BAF	path:map04964	238.20833333333331
USDA_RUN12_D27.BAF	path:map05111	13329.15
USDA_RUN12_D28.BAF	path:map00010	16931.271772671767
USDA_RUN12_D28.BAF	path:map00020	5204.952378177379
USDA_RUN12_D28.BAF	path:map00030	12063.641089466088
USDA_RUN12_D28.BAF	path:map00040	18901.36111111111
USDA_RUN12_D28.BAF	path:map00051	16539.799134199133
USDA_RUN12_D28.BAF	path:map00052	15493.954689754688
USDA_RUN12_D28.BAF	path:map00053	8248.222222222223
USDA_RUN12_D28.BAF	path:map00061	3040.806060606061
USDA_RUN12_D28.BAF	path:map00071	3441.694307266521
USDA_RUN12_D28.BAF	path:map00072	619.7568922305765
USDA_RUN12_D28.BAF	path:map00121	77.66666666666666
USDA_RUN12_D28.BAF	path:map00130	6473.950000000001
USDA_RUN12_D28.BAF	path:map00190	21904.028282828283
USDA_RUN12_D28.BAF	path:map00220	3614.8155483405485
USDA_RUN12_D28.BAF	path:map00230	51925.86893939393
USDA_RUN12_D28.BAF	path:map00240	30971.66904761905
USDA_RUN12_D28.BAF	path:map00250	12862.906024531027
USDA_RUN12_D28.BAF	path:map00260	14108.391017316018
USDA_RUN12_D28.BAF	path:map00261	1810.695238095238
USDA_RUN12_D28.BAF	path:map00270	14024.105808080809
USDA_RUN12_D28.BAF	path:map00280	2157.726680448894
USDA_RUN12_D28.BAF	path:map00281	514.9236482471777
USDA_RUN12_D28.BAF	path:map00290	4559.611111111111
USDA_RUN12_D28.BAF	path:map00300	4411.645238095239
USDA_RUN12_D28.BAF	path:map00310	6774.026500073714
USDA_RUN12_D28.BAF	path:map00330	17229.899206349208
USDA_RUN12_D28.BAF	path:map00340	7001.361111111111
USDA_RUN12_D28.BAF	path:map00350	4741.7914002664
USDA_RUN12_D28.BAF	path:map00360	10435.373665223666
USDA_RUN12_D28.BAF	path:map00362	5507.483715080928
USDA_RUN12_D28.BAF	path:map00364	841
USDA_RUN12_D28.BAF	path:map00380	1949.3676172898308
USDA_RUN12_D28.BAF	path:map00400	5044.086363636364
USDA_RUN12_D28.BAF	path:map00401	591.2363636363636
USDA_RUN12_D28.BAF	path:map00410	2487.5446078431373
USDA_RUN12_D28.BAF	path:map00430	1782.075
USDA_RUN12_D28.BAF	path:map00440	6976.5
USDA_RUN12_D28.BAF	path:map00450	10567.590476190477
USDA_RUN12_D28.BAF	path:map00460	2077.3333333333335
USDA_RUN12_D28.BAF	path:map00471	1949.9444444444443
USDA_RUN12_D28.BAF	path:map00472	414
USDA_RUN12_D28.BAF	path:map00473	1406.3333333333333
USDA_RUN12_D28.BAF	path:map00480	9100.477633477634
USDA_RUN12_D28.BAF	path:map00500	39391.8106060606
USDA_RUN12_D28.BAF	path:map00511	2239.7083333333335
USDA_RUN12_D28.BAF	path:map00520	20512.90227272727
USDA_RUN12_D28.BAF	path:map00521	2747.927272727273
USDA_RUN12_D28.BAF	path:map00531	255.875
USDA_RUN12_D28.BAF	path:map00540	12248
USDA_RUN12_D28.BAF	path:map00550	20309.666666666668
USDA_RUN12_D28.BAF	path:map00561	9963.910317460317
USDA_RUN12_D28.BAF	path:map00564	16068.642857142857
USDA_RUN12_D28.BAF	path:map00620	19115.154364203045
USDA_RUN12_D28.BAF	path:map00622	815.3650793650793
USDA_RUN12_D28.BAF	path:map00625	566.7899572649573
USDA_RUN12_D28.BAF	path:map00627	1993.3031746031745
USDA_RUN12_D28.BAF	path:map00630	9039.857244655928
USDA_RUN12_D28.BAF	path:map00633	1188.7307692307693
USDA_RUN12_D28.BAF	path:map00640	15651.801352998566
USDA_RUN12_D28.BAF	path:map00643	904
USDA_RUN12_D28.BAF	path:map00650	9410.893091815306
USDA_RUN12_D28.BAF	path:map00660	2857.952380952381
USDA_RUN12_D28.BAF	path:map00670	4467.683333333333
USDA_RUN12_D28.BAF	path:map00680	6162.2939005439
USDA_RUN12_D28.BAF	path:map00710	4487.906240981241
USDA_RUN12_D28.BAF	path:map00720	5681.985100133785
USDA_RUN12_D28.BAF	path:map00730	7839.066666666667
USDA_RUN12_D28.BAF	path:map00740	3263.4499999999994
USDA_RUN12_D28.BAF	path:map00750	3633.5416666666665
USDA_RUN12_D28.BAF	path:map00760	9800.62380952381
USDA_RUN12_D28.BAF	path:map00770	6908.780158730159
USDA_RUN12_D28.BAF	path:map00780	6707.5
USDA_RUN12_D28.BAF	path:map00785	1435
USDA_RUN12_D28.BAF	path:map00790	9264.8
USDA_RUN12_D28.BAF	path:map00791	410.9
USDA_RUN12_D28.BAF	path:map00860	16228.316666666666
USDA_RUN12_D28.BAF	path:map00900	3821.673558897243
USDA_RUN12_D28.BAF	path:map00903	269.51960784313724
USDA_RUN12_D28.BAF	path:map00910	17639.969913419915
USDA_RUN12_D28.BAF	path:map00920	16537.640476190478
USDA_RUN12_D28.BAF	path:map00930	269.0751633986928
USDA_RUN12_D28.BAF	path:map00960	2225.069696969697
USDA_RUN12_D28.BAF	path:map00970	53278.1
USDA_RUN12_D28.BAF	path:map00983	4324.165079365079
USDA_RUN12_D28.BAF	path:map01053	2848.6
USDA_RUN12_D28.BAF	path:map01100	304158.6887128609
USDA_RUN12_D28.BAF	path:map01110	82055.5865039588
USDA_RUN12_D28.BAF	path:map01120	79692.51941271669
USDA_RUN12_D28.BAF	path:map01130	49941.961107133284
USDA_RUN12_D28.BAF	path:map01200	22537.487203259407
USDA_RUN12_D28.BAF	path:map01210	6684.936327561328
USDA_RUN12_D28.BAF	path:map01212	4503.260410607624
USDA_RUN12_D28.BAF	path:map01230	30128.58394660892
USDA_RUN12_D28.BAF	path:map01501	22550.833333333336
USDA_RUN12_D28.BAF	path:map01502	2737.333333333333
USDA_RUN12_D28.BAF	path:map01503	25178.416666666668
USDA_RUN12_D28.BAF	path:map02010	234086.99999999997
USDA_RUN12_D28.BAF	path:map02020	128025.49953292325
USDA_RUN12_D28.BAF	path:map02024	59418.04999999999
USDA_RUN12_D28.BAF	path:map02025	11734.55
USDA_RUN12_D28.BAF	path:map02026	31253.86666666667
USDA_RUN12_D28.BAF	path:map02030	5873.666666666667
USDA_RUN12_D28.BAF	path:map02040	3673.0333333333333
USDA_RUN12_D28.BAF	path:map02060	30356.583333333332
USDA_RUN12_D28.BAF	path:map03010	32687
USDA_RUN12_D28.BAF	path:map03018	21440.680952380953
USDA_RUN12_D28.BAF	path:map03030	9382.392857142857
USDA_RUN12_D28.BAF	path:map03060	8637.5
USDA_RUN12_D28.BAF	path:map03070	20968.333333333332
USDA_RUN12_D28.BAF	path:map03410	10058.559523809525
USDA_RUN12_D28.BAF	path:map03430	18156.416666666668
USDA_RUN12_D28.BAF	path:map03440	24924.809523809523
USDA_RUN12_D28.BAF	path:map04112	14846.75
USDA_RUN12_D28.BAF	path:map04122	7431.866666666667
USDA_RUN12_D28.BAF	path:map04964	200.94444444444443
USDA_RUN12_D28.BAF	path:map05111	11712.591666666667
USDA_RUN22_D12.BAF	path:map00010	49384.93208874453
USDA_RUN22_D12.BAF	path:map00020	16758.030694305675
USDA_RUN22_D12.BAF	path:map00030	40068.97049062041
USDA_RUN22_D12.BAF	path:map00040	17546.625
USDA_RUN22_D12.BAF	path:map00051	5471.886363636363
USDA_RUN22_D12.BAF	path:map00052	10871.238455988454
USDA_RUN22_D12.BAF	path:map00053	1075.6055555555556
USDA_RUN22_D12.BAF	path:map00061	2209.462121212121
USDA_RUN22_D12.BAF	path:map00071	2379.3817348844827
USDA_RUN22_D12.BAF	path:map00072	129.72055137844612
USDA_RUN22_D12.BAF	path:map00121	229.66666666666666
USDA_RUN22_D12.BAF	path:map00130	987.5952380952381
USDA_RUN22_D12.BAF	path:map00190	52620.02828282827
USDA_RUN22_D12.BAF	path:map00220	7598.018109668112
USDA_RUN22_D12.BAF	path:map00230	57607.29523809522
USDA_RUN22_D12.BAF	path:map00240	40052.49999999999
USDA_RUN22_D12.BAF	path:map00250	15464.685966810974
USDA_RUN22_D12.BAF	path:map00260	21157.632070707066
USDA_RUN22_D12.BAF	path:map00261	1420.4730158730158
USDA_RUN22_D12.BAF	path:map00270	10042.528246753247
USDA_RUN22_D12.BAF	path:map00280	2764.643291383539
USDA_RUN22_D12.BAF	path:map00281	132.55347593582889
USDA_RUN22_D12.BAF	path:map00290	1847.588095238095
USDA_RUN22_D12.BAF	path:map00300	3681.7515873015873
USDA_RUN22_D12.BAF	path:map00310	14767.457829623077
USDA_RUN22_D12.BAF	path:map00330	6667.343650793651
USDA_RUN22_D12.BAF	path:map00340	11486.355555555556
USDA_RUN22_D12.BAF	path:map00350	1221.556589244089
USDA_RUN22_D12.BAF	path:map00360	6930.604834054834
USDA_RUN22_D12.BAF	path:map00362	629.6018050920528
USDA_RUN22_D12.BAF	path:map00364	8.68095238095238
USDA_RUN22_D12.BAF	path:map00380	429.2341116743593
USDA_RUN22_D12.BAF	path:map00400	1959.7901515151514
USDA_RUN22_D12.BAF	path:map00401	518.1151515151515
USDA_RUN22_D12.BAF	path:map00410	746.2658496732026
USDA_RUN22_D12.BAF	path:map00430	1099.5404761904763
USDA_RUN22_D12.BAF	path:map00440	173
USDA_RUN22_D12.BAF	path:map00450	11724.619047619048
USDA_RUN22_D12.BAF	path:map00460	1469.2
USDA_RUN22_D12.BAF	path:map00471	1353.2222222222222
USDA_RUN22_D12.BAF	path:map00472	3873.833333333333
USDA_RUN22_D12.BAF	path:map00473	2187.5833333333335
USDA_RUN22_D12.BAF	path:map00480	1883.310137085137
USDA_RUN22_D12.BAF	path:map00500	60717.82979797966
USDA_RUN22_D12.BAF	path:map00511	17964
USDA_RUN22_D12.BAF	path:map00520	70643.59646464641
USDA_RUN22_D12.BAF	path:map00521	5380.640909090908
USDA_RUN22_D12.BAF	path:map00531	134.20833333333334
USDA_RUN22_D12.BAF	path:map00540	3306.5
USDA_RUN22_D12.BAF	path:map00550	22890.250000000004
USDA_RUN22_D12.BAF	path:map00561	29098.694444444445
USDA_RUN22_D12.BAF	path:map00564	8990.440476190477
USDA_RUN22_D12.BAF	path:map00620	36903.23411004199
USDA_RUN22_D12.BAF	path:map00622	63.63492063492063
USDA_RUN22_D12.BAF	path:map00625	714.8898504273504
USDA_RUN22_D12.BAF	path:map00627	414.7642857142857
USDA_RUN22_D12.BAF	path:map00630	11718.18222304012
USDA_RUN22_D12.BAF	path:map00633	3076.561538461538
USDA_RUN22_D12.BAF	path:map00640	10819.994187709435
USDA_RUN22_D12.BAF	path:map00643	250.76190476190476
USDA_RUN22_D12.BAF	path:map00650	15891.593285833522
USDA_RUN22_D12.BAF	path:map00660	2279.022222222222
USDA_RUN22_D12.BAF	path:map00670	9996.280952380956
USDA_RUN22_D12.BAF	path:map00680	10035.722198634698
USDA_RUN22_D12.BAF	path:map00710	19605.82968975468
USDA_RUN22_D12.BAF	path:map00720	36230.14251552538
USDA_RUN22_D12.BAF	path:map00730	6820.416666666667
USDA_RUN22_D12.BAF	path:map00740	533.6166666666667
USDA_RUN22_D12.BAF	path:map00750	1129.7916666666665
USDA_RUN22_D12.BAF	path:map00760	4887.590476190476
USDA_RUN22_D12.BAF	path:map00770	3121.6499999999996
USDA_RUN22_D12.BAF	path:map00780	1623.9166666666665
USDA_RUN22_D12.BAF	path:map00785	1169
USDA_RUN22_D12.BAF	path:map00790	3003.0666666666666
USDA_RUN22_D12.BAF	path:map00791	22.03333333333333
USDA_RUN22_D12.BAF	path:map00860	8025.541666666667
USDA_RUN22_D12.BAF	path:map00900	3134.8538847117793
USDA_RUN22_D12.BAF	path:map00903	34.124183006535944
USDA_RUN22_D12.BAF	path:map00910	10660.915728715732
USDA_RUN22_D12.BAF	path:map00920	5619.127380952381
USDA_RUN22_D12.BAF	path:map00930	34.23529411764706
USDA_RUN22_D12.BAF	path:map00960	424.94848484848484
USDA_RUN22_D12.BAF	path:map00970	64674
USDA_RUN22_D12.BAF	path:map00983	9418.255158730159
USDA_RUN22_D12.BAF	path:map01053	321.6
USDA_RUN22_D12.BAF	path:map01100	363038.58180148463
USDA_RUN22_D12.BAF	path:map01110	129920.71021196377
USDA_RUN22_D12.BAF	path:map01120	121128.22141187487
USDA_RUN22_D12.BAF	path:map01130	88399.1086246617
USDA_RUN22_D12.BAF	path:map01200	93068.92571867882
USDA_RUN22_D12.BAF	path:map01210	3470.922474747475
USDA_RUN22_D12.BAF	path:map01212	3794.361148526396
USDA_RUN22_D12.BAF	path:map01230	32274.87456709955
USDA_RUN22_D12.BAF	path:map01501	11817.916666666666
USDA_RUN22_D12.BAF	path:map01502	4258.583333333333
USDA_RUN22_D12.BAF	path:map01503	34771.416666666664
USDA_RUN22_D12.BAF	path:map02010	136649.75
USDA_RUN22_D12.BAF	path:map02020	30752.927261335157
USDA_RUN22_D12.BAF	path:map02024	33556.120238095245
USDA_RUN22_D12.BAF	path:map02025	1082.375
USDA_RUN22_D12.BAF	path:map02026	25547.999999999985
USDA_RUN22_D12.BAF	path:map02030	19003.333333333332
USDA_RUN22_D12.BAF	path:map02040	2416.6833333333334
USDA_RUN22_D12.BAF	path:map02060	12645
USDA_RUN22_D12.BAF	path:map03010	193471
USDA_RUN22_D12.BAF	path:map03018	49904.62380952379
USDA_RUN22_D12.BAF	path:map03030	17549.714285714286
USDA_RUN22_D12.BAF	path:map03060	6865.5
USDA_RUN22_D12.BAF	path:map03070	6288.666666666667
USDA_RUN22_D12.BAF	path:map03410	4581.464285714285
USDA_RUN22_D12.BAF	path:map03430	11421.25
USDA_RUN22_D12.BAF	path:map03440	21540.714285714286
USDA_RUN22_D12.BAF	path:map04112	40089.5
USDA_RUN22_D12.BAF	path:map04122	10702.133333333333
USDA_RUN22_D12.BAF	path:map04964	284.76388888888886
USDA_RUN22_D12.BAF	path:map05111	5145.125
USDA_RUN22_D13.BAF	path:map00010	35181.95973332219
USDA_RUN22_D13.BAF	path:map00020	20830.464325951805
USDA_RUN22_D13.BAF	path:map00030	24788.218903318884
USDA_RUN22_D13.BAF	path:map00040	57186.5
USDA_RUN22_D13.BAF	path:map00051	7430.544155844155
USDA_RUN22_D13.BAF	path:map00052	15534.070346320344
USDA_RUN22_D13.BAF	path:map00053	1923.8166666666666
USDA_RUN22_D13.BAF	path:map00061	5170.789393939394
USDA_RUN22_D13.BAF	path:map00071	2339.9855978644678
USDA_RUN22_D13.BAF	path:map00072	135.35087719298244
USDA_RUN22_D13.BAF	path:map00121	316.66666666666663
USDA_RUN22_D13.BAF	path:map00130	2176.983333333333
USDA_RUN22_D13.BAF	path:map00190	61218.92828282825
USDA_RUN22_D13.BAF	path:map00220	7346.005591630594
USDA_RUN22_D13.BAF	path:map00230	61204.30887445886
USDA_RUN22_D13.BAF	path:map00240	39984.33333333333
USDA_RUN22_D13.BAF	path:map00250	18887.92582972583
USDA_RUN22_D13.BAF	path:map00260	15923.97932900433
USDA_RUN22_D13.BAF	path:map00261	1897.2365079365077
USDA_RUN22_D13.BAF	path:map00270	9621.302164502165
USDA_RUN22_D13.BAF	path:map00280	3060.7741371030065
USDA_RUN22_D13.BAF	path:map00281	138.31283422459893
USDA_RUN22_D13.BAF	path:map00290	2851.6646825396824
USDA_RUN22_D13.BAF	path:map00300	4276.204365079365
USDA_RUN22_D13.BAF	path:map00310	9087.00949063836
USDA_RUN22_D13.BAF	path:map00330	5383.878571428571
USDA_RUN22_D13.BAF	path:map00340	12358.616666666667
USDA_RUN22_D13.BAF	path:map00350	1747.676431901432
USDA_RUN22_D13.BAF	path:map00360	5787.547402597403
USDA_RUN22_D13.BAF	path:map00362	884.9208542747242
USDA_RUN22_D13.BAF	path:map00364	21.714285714285715
USDA_RUN22_D13.BAF	path:map00380	786.9430986969687
USDA_RUN22_D13.BAF	path:map00400	3549.846212121212
USDA_RUN22_D13.BAF	path:map00401	907.9545454545454
USDA_RUN22_D13.BAF	path:map00410	861.868137254902
USDA_RUN22_D13.BAF	path:map00430	1322.2952380952381
USDA_RUN22_D13.BAF	path:map00440	353.3333333333333
USDA_RUN22_D13.BAF	path:map00450	11664.028571428571
USDA_RUN22_D13.BAF	path:map00460	2297.4166666666665
USDA_RUN22_D13.BAF	path:map00471	1583.9444444444443
USDA_RUN22_D13.BAF	path:map00472	1941.8333333333333
USDA_RUN22_D13.BAF	path:map00473	1271.8333333333333
USDA_RUN22_D13.BAF	path:map00480	4471.464502164502
USDA_RUN22_D13.BAF	path:map00500	39577.32247474743
USDA_RUN22_D13.BAF	path:map00511	24718.25
USDA_RUN22_D13.BAF	path:map00520	46772.41414141408
USDA_RUN22_D13.BAF	path:map00521	4773.519696969696
USDA_RUN22_D13.BAF	path:map00531	373.75
USDA_RUN22_D13.BAF	path:map00540	7345.166666666667
USDA_RUN22_D13.BAF	path:map00550	19254.583333333332
USDA_RUN22_D13.BAF	path:map00561	25007.194444444445
USDA_RUN22_D13.BAF	path:map00564	10551.404761904761
USDA_RUN22_D13.BAF	path:map00620	42279.431076160676
USDA_RUN22_D13.BAF	path:map00622	128.57142857142856
USDA_RUN22_D13.BAF	path:map00625	945.7314102564102
USDA_RUN22_D13.BAF	path:map00627	303.9285714285714
USDA_RUN22_D13.BAF	path:map00630	13480.234954227062
USDA_RUN22_D13.BAF	path:map00633	3561.853846153846
USDA_RUN22_D13.BAF	path:map00640	16199.266944295816
USDA_RUN22_D13.BAF	path:map00643	419.8285714285714
USDA_RUN22_D13.BAF	path:map00650	19523.398762477616
USDA_RUN22_D13.BAF	path:map00660	1710.6603174603174
USDA_RUN22_D13.BAF	path:map00670	9684.611904761907
USDA_RUN22_D13.BAF	path:map00680	11694.757706182703
USDA_RUN22_D13.BAF	path:map00710	17810.07683982683
USDA_RUN22_D13.BAF	path:map00720	35315.41251555459
USDA_RUN22_D13.BAF	path:map00730	6129.116666666667
USDA_RUN22_D13.BAF	path:map00740	1297.6999999999998
USDA_RUN22_D13.BAF	path:map00750	2073.4166666666665
USDA_RUN22_D13.BAF	path:map00760	7573.590476190477
USDA_RUN22_D13.BAF	path:map00770	4179.363492063491
USDA_RUN22_D13.BAF	path:map00780	3990.75
USDA_RUN22_D13.BAF	path:map00785	1060.5
USDA_RUN22_D13.BAF	path:map00790	5449
USDA_RUN22_D13.BAF	path:map00791	71.86666666666666
USDA_RUN22_D13.BAF	path:map00860	11392.366666666667
USDA_RUN22_D13.BAF	path:map00900	3910.967543859649
USDA_RUN22_D13.BAF	path:map00903	44.67647058823529
USDA_RUN22_D13.BAF	path:map00910	10518.063131313134
USDA_RUN22_D13.BAF	path:map00920	10947.503571428571
USDA_RUN22_D13.BAF	path:map00930	48.34313725490196
USDA_RUN22_D13.BAF	path:map00960	644.7545454545455
USDA_RUN22_D13.BAF	path:map00970	75759.7
USDA_RUN22_D13.BAF	path:map00983	8083.600000000001
USDA_RUN22_D13.BAF	path:map01053	591.8
USDA_RUN22_D13.BAF	path:map01100	376615.67698009306
USDA_RUN22_D13.BAF	path:map01110	126218.95380604579
USDA_RUN22_D13.BAF	path:map01120	114699.15378384569
USDA_RUN22_D13.BAF	path:map01130	83271.81372668032
USDA_RUN22_D13.BAF	path:map01200	77814.59622335024
USDA_RUN22_D13.BAF	path:map01210	5372.189213564214
USDA_RUN22_D13.BAF	path:map01212	6364.46501011888
USDA_RUN22_D13.BAF	path:map01230	42615.95259740258
USDA_RUN22_D13.BAF	path:map01501	16041.166666666664
USDA_RUN22_D13.BAF	path:map01502	3016.4166666666665
USDA_RUN22_D13.BAF	path:map01503	29932.75
USDA_RUN22_D13.BAF	path:map02010	255475.49999999997
USDA_RUN22_D13.BAF	path:map02020	46857.21530720741
USDA_RUN22_D13.BAF	path:map02024	56765.14166666665
USDA_RUN22_D13.BAF	path:map02025	2721.475
USDA_RUN22_D13.BAF	path:map02026	28788.074999999986
USDA_RUN22_D13.BAF	path:map02030	17757.333333333332
USDA_RUN22_D13.BAF	path:map02040	3122.55
USDA_RUN22_D13.BAF	path:map02060	30903.166666666664
USDA_RUN22_D13.BAF	path:map03010	204432
USDA_RUN22_D13.BAF	path:map03018	51586.780952380934
USDA_RUN22_D13.BAF	path:map03030	18021.583333333332
USDA_RUN22_D13.BAF	path:map03060	13957.166666666664
USDA_RUN22_D13.BAF	path:map03070	13663.999999999996
USDA_RUN22_D13.BAF	path:map03410	5285.75
USDA_RUN22_D13.BAF	path:map03430	14553.583333333334
USDA_RUN22_D13.BAF	path:map03440	22521.333333333332
USDA_RUN22_D13.BAF	path:map04112	37120.75
USDA_RUN22_D13.BAF	path:map04122	9541.4
USDA_RUN22_D13.BAF	path:map04964	222.9236111111111
USDA_RUN22_D13.BAF	path:map05111	9315.433333333334
USDA_RUN22_D14.BMF	path:map00010	43231.86138999888
USDA_RUN22_D14.BMF	path:map00020	23718.81920579419
USDA_RUN22_D14.BMF	path:map00030	30369.466666666656
USDA_RUN22_D14.BMF	path:map00040	56655.319444444445
USDA_RUN22_D14.BMF	path:map00051	10388.98463203463
USDA_RUN22_D14.BMF	path:map00052	13022.331890331889
USDA_RUN22_D14.BMF	path:map00053	1847.7833333333333
USDA_RUN22_D14.BMF	path:map00061	5925.14393939394
USDA_RUN22_D14.BMF	path:map00071	5997.590673744042
USDA_RUN22_D14.BMF	path:map00072	205.34335839598995
USDA_RUN22_D14.BMF	path:map00121	759.6666666666666
USDA_RUN22_D14.BMF	path:map00130	4269.573809523809
USDA_RUN22_D14.BMF	path:map00190	81090.7181818182
USDA_RUN22_D14.BMF	path:map00220	8940.097546897548
USDA_RUN22_D14.BMF	path:map00230	103491.5332251083
USDA_RUN22_D14.BMF	path:map00240	66572.22857142854
USDA_RUN22_D14.BMF	path:map00250	26617.61302308801
USDA_RUN22_D14.BMF	path:map00260	19355.91248196248
USDA_RUN22_D14.BMF	path:map00261	2429.4555555555553
USDA_RUN22_D14.BMF	path:map00270	19862.032251082248
USDA_RUN22_D14.BMF	path:map00280	3603.583987374854
USDA_RUN22_D14.BMF	path:map00281	540.7982768865122
USDA_RUN22_D14.BMF	path:map00290	7655.4948412698395
USDA_RUN22_D14.BMF	path:map00300	6170.3496031746035
USDA_RUN22_D14.BMF	path:map00310	13954.641094156961
USDA_RUN22_D14.BMF	path:map00330	11761.788095238097
USDA_RUN22_D14.BMF	path:map00340	6226.516666666666
USDA_RUN22_D14.BMF	path:map00350	3611.7467657342654
USDA_RUN22_D14.BMF	path:map00360	7118.674711399713
USDA_RUN22_D14.BMF	path:map00362	1149.7027463936133
USDA_RUN22_D14.BMF	path:map00364	69.08095238095238
USDA_RUN22_D14.BMF	path:map00380	2642.960324926192
USDA_RUN22_D14.BMF	path:map00400	12423.57272727273
USDA_RUN22_D14.BMF	path:map00401	2187.672727272727
USDA_RUN22_D14.BMF	path:map00410	1302.9596405228758
USDA_RUN22_D14.BMF	path:map00430	2001.1130952380952
USDA_RUN22_D14.BMF	path:map00440	430.3333333333333
USDA_RUN22_D14.BMF	path:map00450	21461.485714285714
USDA_RUN22_D14.BMF	path:map00460	3662.8666666666663
USDA_RUN22_D14.BMF	path:map00471	2155.0555555555557
USDA_RUN22_D14.BMF	path:map00472	3495.9999999999995
USDA_RUN22_D14.BMF	path:map00473	2288.1666666666665
USDA_RUN22_D14.BMF	path:map00480	10500.67619047619
USDA_RUN22_D14.BMF	path:map00500	49512.67550505045
USDA_RUN22_D14.BMF	path:map00511	25431.5
USDA_RUN22_D14.BMF	path:map00520	54359.88383838377
USDA_RUN22_D14.BMF	path:map00521	5359.072727272726
USDA_RUN22_D14.BMF	path:map00531	298.125
USDA_RUN22_D14.BMF	path:map00540	12324.416666666666
USDA_RUN22_D14.BMF	path:map00550	24629.16666666667
USDA_RUN22_D14.BMF	path:map00561	35115.86111111111
USDA_RUN22_D14.BMF	path:map00564	16223.714285714286
USDA_RUN22_D14.BMF	path:map00620	52864.84802595065
USDA_RUN22_D14.BMF	path:map00622	126.96825396825396
USDA_RUN22_D14.BMF	path:map00625	2210.165705128205
USDA_RUN22_D14.BMF	path:map00627	467.97301587301587
USDA_RUN22_D14.BMF	path:map00630	19376.920417448047
USDA_RUN22_D14.BMF	path:map00633	13328.94615384616
USDA_RUN22_D14.BMF	path:map00640	23881.11141827728
USDA_RUN22_D14.BMF	path:map00643	600.1690476190475
USDA_RUN22_D14.BMF	path:map00650	25007.53598537683
USDA_RUN22_D14.BMF	path:map00660	4809.628571428571
USDA_RUN22_D14.BMF	path:map00670	15247.08571428572
USDA_RUN22_D14.BMF	path:map00680	30183.635890498375
USDA_RUN22_D14.BMF	path:map00710	23084.84650072148
USDA_RUN22_D14.BMF	path:map00720	53560.897484825095
USDA_RUN22_D14.BMF	path:map00730	10437.55
USDA_RUN22_D14.BMF	path:map00740	2837.9666666666662
USDA_RUN22_D14.BMF	path:map00750	3475.5833333333335
USDA_RUN22_D14.BMF	path:map00760	12323.738095238097
USDA_RUN22_D14.BMF	path:map00770	6819.869841269841
USDA_RUN22_D14.BMF	path:map00780	5686.833333333333
USDA_RUN22_D14.BMF	path:map00785	1812
USDA_RUN22_D14.BMF	path:map00790	8468.933333333334
USDA_RUN22_D14.BMF	path:map00791	153.65
USDA_RUN22_D14.BMF	path:map00860	18438.041666666668
USDA_RUN22_D14.BMF	path:map00900	5360.326691729323
USDA_RUN22_D14.BMF	path:map00903	218.9346405228758
USDA_RUN22_D14.BMF	path:map00910	8325.108658008658
USDA_RUN22_D14.BMF	path:map00920	9680.435714285715
USDA_RUN22_D14.BMF	path:map00930	216.76797385620915
USDA_RUN22_D14.BMF	path:map00960	993.8810606060605
USDA_RUN22_D14.BMF	path:map00970	106361.7
USDA_RUN22_D14.BMF	path:map00983	9150.455952380953
USDA_RUN22_D14.BMF	path:map01053	1488
USDA_RUN22_D14.BMF	path:map01100	541088.582787185
USDA_RUN22_D14.BMF	path:map01110	175849.54931232825
USDA_RUN22_D14.BMF	path:map01120	159738.54577419983
USDA_RUN22_D14.BMF	path:map01130	117290.88899486796
USDA_RUN22_D14.BMF	path:map01200	111024.01183591572
USDA_RUN22_D14.BMF	path:map01210	13402.90725108225
USDA_RUN22_D14.BMF	path:map01212	8835.176050866918
USDA_RUN22_D14.BMF	path:map01230	63334.91273448775
USDA_RUN22_D14.BMF	path:map01501	29956.41666666667
USDA_RUN22_D14.BMF	path:map01502	4770.5
USDA_RUN22_D14.BMF	path:map01503	43800.25
USDA_RUN22_D14.BMF	path:map02010	308545.5833333333
USDA_RUN22_D14.BMF	path:map02020	127134.18527758798
USDA_RUN22_D14.BMF	path:map02024	60201.60238095236
USDA_RUN22_D14.BMF	path:map02025	5983.6500000000005
USDA_RUN22_D14.BMF	path:map02026	39299.72499999998
USDA_RUN22_D14.BMF	path:map02030	38332.5
USDA_RUN22_D14.BMF	path:map02040	2662.5333333333333
USDA_RUN22_D14.BMF	path:map02060	35512
USDA_RUN22_D14.BMF	path:map03010	284421
USDA_RUN22_D14.BMF	path:map03018	76443.42380952381
USDA_RUN22_D14.BMF	path:map03030	20761.88095238095
USDA_RUN22_D14.BMF	path:map03060	17878.333333333332
USDA_RUN22_D14.BMF	path:map03070	17996.333333333332
USDA_RUN22_D14.BMF	path:map03410	9000.297619047618
USDA_RUN22_D14.BMF	path:map03430	19424.75
USDA_RUN22_D14.BMF	path:map03440	43185.71428571428
USDA_RUN22_D14.BMF	path:map04112	58708
USDA_RUN22_D14.BMF	path:map04122	15110.266666666665
USDA_RUN22_D14.BMF	path:map04964	477.0972222222222
USDA_RUN22_D14.BMF	path:map05111	14762.275000000001
USDA_RUN22_D25.BAF	path:map00010	31361.712054612017
USDA_RUN22_D25.BAF	path:map00020	10054.094187756686
USDA_RUN22_D25.BAF	path:map00030	20707.182720057703
USDA_RUN22_D25.BAF	path:map00040	152429.47222222222
USDA_RUN22_D25.BAF	path:map00051	6817.301082251082
USDA_RUN22_D25.BAF	path:map00052	8927.799927849928
USDA_RUN22_D25.BAF	path:map00053	7678.294444444445
USDA_RUN22_D25.BAF	path:map00061	5684.657575757576
USDA_RUN22_D25.BAF	path:map00071	1694.3936426361736
USDA_RUN22_D25.BAF	path:map00072	62.55137844611529
USDA_RUN22_D25.BAF	path:map00121	177
USDA_RUN22_D25.BAF	path:map00130	2128.940476190476
USDA_RUN22_D25.BAF	path:map00190	28791.81111111112
USDA_RUN22_D25.BAF	path:map00220	2997.509668109668
USDA_RUN22_D25.BAF	path:map00230	42717.43679653679
USDA_RUN22_D25.BAF	path:map00240	29524.942857142858
USDA_RUN22_D25.BAF	path:map00250	11255.034668109669
USDA_RUN22_D25.BAF	path:map00260	8568.46948051948
USDA_RUN22_D25.BAF	path:map00261	1314.3841269841269
USDA_RUN22_D25.BAF	path:map00270	8329.981060606062
USDA_RUN22_D25.BAF	path:map00280	1220.1095059395368
USDA_RUN22_D25.BAF	path:map00281	76.91325014854426
USDA_RUN22_D25.BAF	path:map00290	2096.805555555555
USDA_RUN22_D25.BAF	path:map00300	2671.694841269841
USDA_RUN22_D25.BAF	path:map00310	4531.600631480662
USDA_RUN22_D25.BAF	path:map00330	4267.556349206349
USDA_RUN22_D25.BAF	path:map00340	2035.3944444444444
USDA_RUN22_D25.BAF	path:map00350	1812.7989635364636
USDA_RUN22_D25.BAF	path:map00360	2444.0465367965367
USDA_RUN22_D25.BAF	path:map00362	454.1987555787865
USDA_RUN22_D25.BAF	path:map00364	44.55714285714286
USDA_RUN22_D25.BAF	path:map00380	855.5474263524573
USDA_RUN22_D25.BAF	path:map00400	3286.772727272727
USDA_RUN22_D25.BAF	path:map00401	674.5727272727272
USDA_RUN22_D25.BAF	path:map00410	490.5599673202614
USDA_RUN22_D25.BAF	path:map00430	866.975
USDA_RUN22_D25.BAF	path:map00440	293.6666666666667
USDA_RUN22_D25.BAF	path:map00450	6835.271428571428
USDA_RUN22_D25.BAF	path:map00460	2020.75
USDA_RUN22_D25.BAF	path:map00471	1027.5555555555554
USDA_RUN22_D25.BAF	path:map00472	1335
USDA_RUN22_D25.BAF	path:map00473	671.9166666666666
USDA_RUN22_D25.BAF	path:map00480	4846.1658008658005
USDA_RUN22_D25.BAF	path:map00500	38088.05454545451
USDA_RUN22_D25.BAF	path:map00511	5302.125
USDA_RUN22_D25.BAF	path:map00520	34014.889069264034
USDA_RUN22_D25.BAF	path:map00521	2796.871212121212
USDA_RUN22_D25.BAF	path:map00531	89.875
USDA_RUN22_D25.BAF	path:map00540	14324.583333333334
USDA_RUN22_D25.BAF	path:map00550	9048.833333333334
USDA_RUN22_D25.BAF	path:map00561	12653.942063492064
USDA_RUN22_D25.BAF	path:map00564	5277.333333333333
USDA_RUN22_D25.BAF	path:map00620	29224.72641035863
USDA_RUN22_D25.BAF	path:map00622	62.74603174603174
USDA_RUN22_D25.BAF	path:map00625	1250.2492521367521
USDA_RUN22_D25.BAF	path:map00627	263.2944444444444
USDA_RUN22_D25.BAF	path:map00630	15373.497632192368
USDA_RUN22_D25.BAF	path:map00633	1224.246153846154
USDA_RUN22_D25.BAF	path:map00640	18259.48459196462
USDA_RUN22_D25.BAF	path:map00643	112.06666666666666
USDA_RUN22_D25.BAF	path:map00650	13172.409483739515
USDA_RUN22_D25.BAF	path:map00660	932.9825396825396
USDA_RUN22_D25.BAF	path:map00670	4555.642857142857
USDA_RUN22_D25.BAF	path:map00680	9133.035493672995
USDA_RUN22_D25.BAF	path:map00710	11129.600937950934
USDA_RUN22_D25.BAF	path:map00720	14512.844357689093
USDA_RUN22_D25.BAF	path:map00730	2850.6
USDA_RUN22_D25.BAF	path:map00740	1731.5666666666666
USDA_RUN22_D25.BAF	path:map00750	1610.7083333333333
USDA_RUN22_D25.BAF	path:map00760	5992.838095238096
USDA_RUN22_D25.BAF	path:map00770	2751.960317460317
USDA_RUN22_D25.BAF	path:map00780	4792.25
USDA_RUN22_D25.BAF	path:map00785	607.5
USDA_RUN22_D25.BAF	path:map00790	4466.116666666667
USDA_RUN22_D25.BAF	path:map00791	61.5
USDA_RUN22_D25.BAF	path:map00860	7282.966666666667
USDA_RUN22_D25.BAF	path:map00900	2663.0513784461155
USDA_RUN22_D25.BAF	path:map00903	35.251633986928105
USDA_RUN22_D25.BAF	path:map00910	4662.059668109668
USDA_RUN22_D25.BAF	path:map00920	9757.971428571429
USDA_RUN22_D25.BAF	path:map00930	31.973856209150327
USDA_RUN22_D25.BAF	path:map00960	400.82272727272726
USDA_RUN22_D25.BAF	path:map00970	39474.3
USDA_RUN22_D25.BAF	path:map00983	3638.254761904762
USDA_RUN22_D25.BAF	path:map01053	338.8
USDA_RUN22_D25.BAF	path:map01100	264072.71275824297
USDA_RUN22_D25.BAF	path:map01110	87476.3161548464
USDA_RUN22_D25.BAF	path:map01120	78769.46582462097
USDA_RUN22_D25.BAF	path:map01130	58948.43877389378
USDA_RUN22_D25.BAF	path:map01200	48687.306080198585
USDA_RUN22_D25.BAF	path:map01210	4622.4218975468975
USDA_RUN22_D25.BAF	path:map01212	6004.5591091141405
USDA_RUN22_D25.BAF	path:map01230	27281.585966810944
USDA_RUN22_D25.BAF	path:map01501	17810.416666666664
USDA_RUN22_D25.BAF	path:map01502	1551.8333333333333
USDA_RUN22_D25.BAF	path:map01503	11553.25
USDA_RUN22_D25.BAF	path:map02010	304749
USDA_RUN22_D25.BAF	path:map02020	40447.718189412924
USDA_RUN22_D25.BAF	path:map02024	63480.05714285712
USDA_RUN22_D25.BAF	path:map02025	3445.95
USDA_RUN22_D25.BAF	path:map02026	28015.233333333323
USDA_RUN22_D25.BAF	path:map02030	21465
USDA_RUN22_D25.BAF	path:map02040	909.1666666666666
USDA_RUN22_D25.BAF	path:map02060	28876.583333333332
USDA_RUN22_D25.BAF	path:map03010	175589
USDA_RUN22_D25.BAF	path:map03018	33079.14285714285
USDA_RUN22_D25.BAF	path:map03030	9949.738095238095
USDA_RUN22_D25.BAF	path:map03060	11842.166666666664
USDA_RUN22_D25.BAF	path:map03070	12129.333333333332
USDA_RUN22_D25.BAF	path:map03410	3653.904761904762
USDA_RUN22_D25.BAF	path:map03430	7747
USDA_RUN22_D25.BAF	path:map03440	15822.57142857143
USDA_RUN22_D25.BAF	path:map04112	25344.25
USDA_RUN22_D25.BAF	path:map04122	4651.733333333334
USDA_RUN22_D25.BAF	path:map04964	318.49305555555554
USDA_RUN22_D25.BAF	path:map05111	10703.991666666667
USDA_RUN22_D27.BAF	path:map00010	44502.222206959654
USDA_RUN22_D27.BAF	path:map00020	9195.172875735376
USDA_RUN22_D27.BAF	path:map00030	33959.33023088018
USDA_RUN22_D27.BAF	path:map00040	72516.23611111111
USDA_RUN22_D27.BAF	path:map00051	6793.724675324675
USDA_RUN22_D27.BAF	path:map00052	11240.728499278499
USDA_RUN22_D27.BAF	path:map00053	2691.85
USDA_RUN22_D27.BAF	path:map00061	3810.137878787879
USDA_RUN22_D27.BAF	path:map00071	1555.9190075318559
USDA_RUN22_D27.BAF	path:map00072	69.98872180451127
USDA_RUN22_D27.BAF	path:map00121	160.66666666666666
USDA_RUN22_D27.BAF	path:map00130	1295.6261904761905
USDA_RUN22_D27.BAF	path:map00190	24936.585858585862
USDA_RUN22_D27.BAF	path:map00220	4094.195274170274
USDA_RUN22_D27.BAF	path:map00230	50375.82023809523
USDA_RUN22_D27.BAF	path:map00240	34068.55714285714
USDA_RUN22_D27.BAF	path:map00250	10920.148845598847
USDA_RUN22_D27.BAF	path:map00260	10669.072077922077
USDA_RUN22_D27.BAF	path:map00261	1212.3047619047618
USDA_RUN22_D27.BAF	path:map00270	8793.084632034632
USDA_RUN22_D27.BAF	path:map00280	1380.373247736096
USDA_RUN22_D27.BAF	path:map00281	61.32204396910279
USDA_RUN22_D27.BAF	path:map00290	2164.0884920634917
USDA_RUN22_D27.BAF	path:map00300	2975.217857142857
USDA_RUN22_D27.BAF	path:map00310	6948.898969236818
USDA_RUN22_D27.BAF	path:map00330	8082.533333333334
USDA_RUN22_D27.BAF	path:map00340	2742.9666666666667
USDA_RUN22_D27.BAF	path:map00350	1519.9154928404928
USDA_RUN22_D27.BAF	path:map00360	3932.473520923521
USDA_RUN22_D27.BAF	path:map00362	359.01790863075695
USDA_RUN22_D27.BAF	path:map00364	22.157142857142855
USDA_RUN22_D27.BAF	path:map00380	427.59667985952814
USDA_RUN22_D27.BAF	path:map00400	2842.3560606060605
USDA_RUN22_D27.BAF	path:map00401	418.97272727272724
USDA_RUN22_D27.BAF	path:map00410	514.2031045751634
USDA_RUN22_D27.BAF	path:map00430	1072.275
USDA_RUN22_D27.BAF	path:map00440	219.16666666666666
USDA_RUN22_D27.BAF	path:map00450	8728
USDA_RUN22_D27.BAF	path:map00460	1782.5666666666666
USDA_RUN22_D27.BAF	path:map00471	1129.0555555555554
USDA_RUN22_D27.BAF	path:map00472	3321.833333333333
USDA_RUN22_D27.BAF	path:map00473	1366.1666666666667
USDA_RUN22_D27.BAF	path:map00480	2395.085497835498
USDA_RUN22_D27.BAF	path:map00500	55332.10227272717
USDA_RUN22_D27.BAF	path:map00511	16439.125
USDA_RUN22_D27.BAF	path:map00520	55600.54512987003
USDA_RUN22_D27.BAF	path:map00521	3509.0272727272722
USDA_RUN22_D27.BAF	path:map00531	89.5
USDA_RUN22_D27.BAF	path:map00540	10112.166666666666
USDA_RUN22_D27.BAF	path:map00550	13136.416666666666
USDA_RUN22_D27.BAF	path:map00561	29962.24761904762
USDA_RUN22_D27.BAF	path:map00564	6525.547619047619
USDA_RUN22_D27.BAF	path:map00620	28223.40773751101
USDA_RUN22_D27.BAF	path:map00622	64.76190476190476
USDA_RUN22_D27.BAF	path:map00625	1225.373717948718
USDA_RUN22_D27.BAF	path:map00627	208.55079365079365
USDA_RUN22_D27.BAF	path:map00630	17121.49332275911
USDA_RUN22_D27.BAF	path:map00633	1734.053846153846
USDA_RUN22_D27.BAF	path:map00640	18961.318796631644
USDA_RUN22_D27.BAF	path:map00643	139.08333333333334
USDA_RUN22_D27.BAF	path:map00650	10881.104546992396
USDA_RUN22_D27.BAF	path:map00660	652.5984126984126
USDA_RUN22_D27.BAF	path:map00670	6709.269047619048
USDA_RUN22_D27.BAF	path:map00680	8843.374228549228
USDA_RUN22_D27.BAF	path:map00710	15175.139718614711
USDA_RUN22_D27.BAF	path:map00720	20079.368397684182
USDA_RUN22_D27.BAF	path:map00730	4054.533333333333
USDA_RUN22_D27.BAF	path:map00740	884.5999999999999
USDA_RUN22_D27.BAF	path:map00750	1068.2916666666665
USDA_RUN22_D27.BAF	path:map00760	5362.961904761905
USDA_RUN22_D27.BAF	path:map00770	2879.301587301587
USDA_RUN22_D27.BAF	path:map00780	2811.0833333333335
USDA_RUN22_D27.BAF	path:map00785	1101
USDA_RUN22_D27.BAF	path:map00790	3739.4166666666665
USDA_RUN22_D27.BAF	path:map00791	23.9
USDA_RUN22_D27.BAF	path:map00860	6398.591666666667
USDA_RUN22_D27.BAF	path:map00900	2866.505388471178
USDA_RUN22_D27.BAF	path:map00903	18.594771241830063
USDA_RUN22_D27.BAF	path:map00910	6253.390909090909
USDA_RUN22_D27.BAF	path:map00920	5141.441666666667
USDA_RUN22_D27.BAF	path:map00930	16.9281045751634
USDA_RUN22_D27.BAF	path:map00960	252.38939393939395
USDA_RUN22_D27.BAF	path:map00970	39830.8
USDA_RUN22_D27.BAF	path:map00983	5934.6107142857145
USDA_RUN22_D27.BAF	path:map01053	167.86666666666667
USDA_RUN22_D27.BAF	path:map01100	295238.3727995735
USDA_RUN22_D27.BAF	path:map01110	108277.79269634355
USDA_RUN22_D27.BAF	path:map01120	100169.40324690401
USDA_RUN22_D27.BAF	path:map01130	73252.8200772955
USDA_RUN22_D27.BAF	path:map01200	67699.69933553718
USDA_RUN22_D27.BAF	path:map01210	3932.4411616161615
USDA_RUN22_D27.BAF	path:map01212	4116.464120751969
USDA_RUN22_D27.BAF	path:map01230	28329.50274170272
USDA_RUN22_D27.BAF	path:map01501	10855.75
USDA_RUN22_D27.BAF	path:map01502	2851.25
USDA_RUN22_D27.BAF	path:map01503	11964.25
USDA_RUN22_D27.BAF	path:map02010	246790.66666666666
USDA_RUN22_D27.BAF	path:map02020	30138.98294979874
USDA_RUN22_D27.BAF	path:map02024	39710.14047619048
USDA_RUN22_D27.BAF	path:map02025	1817
USDA_RUN22_D27.BAF	path:map02026	25869.474999999988
USDA_RUN22_D27.BAF	path:map02030	37729.166666666664
USDA_RUN22_D27.BAF	path:map02040	878.7666666666667
USDA_RUN22_D27.BAF	path:map02060	18603.083333333332
USDA_RUN22_D27.BAF	path:map03010	111450
USDA_RUN22_D27.BAF	path:map03018	35260.60476190476
USDA_RUN22_D27.BAF	path:map03030	14527.07142857143
USDA_RUN22_D27.BAF	path:map03060	7504.666666666667
USDA_RUN22_D27.BAF	path:map03070	7344.166666666667
USDA_RUN22_D27.BAF	path:map03410	3647.488095238095
USDA_RUN22_D27.BAF	path:map03430	8494.916666666666
USDA_RUN22_D27.BAF	path:map03440	18295.738095238095
USDA_RUN22_D27.BAF	path:map04112	23544.75
USDA_RUN22_D27.BAF	path:map04122	6221.8
USDA_RUN22_D27.BAF	path:map04964	376.90972222222223
USDA_RUN22_D27.BAF	path:map05111	6571.458333333333
USDA_RUN22_D28.BAF	path:map00010	51573.96380302701
USDA_RUN22_D28.BAF	path:map00020	12640.55074925074
USDA_RUN22_D28.BAF	path:map00030	37041.44022366517
USDA_RUN22_D28.BAF	path:map00040	162268.70833333334
USDA_RUN22_D28.BAF	path:map00051	11403.428363466595
USDA_RUN22_D28.BAF	path:map00052	13306.16674730498
USDA_RUN22_D28.BAF	path:map00053	5976.027777777777
USDA_RUN22_D28.BAF	path:map00061	6413.3393939393945
USDA_RUN22_D28.BAF	path:map00071	3427.864022664641
USDA_RUN22_D28.BAF	path:map00072	98.1704260651629
USDA_RUN22_D28.BAF	path:map00121	505
USDA_RUN22_D28.BAF	path:map00130	1978.8619047619045
USDA_RUN22_D28.BAF	path:map00190	48203.77979797979
USDA_RUN22_D28.BAF	path:map00220	5348.407431457432
USDA_RUN22_D28.BAF	path:map00230	84803.49015151517
USDA_RUN22_D28.BAF	path:map00240	53711.62380952379
USDA_RUN22_D28.BAF	path:map00250	15556.226479076482
USDA_RUN22_D28.BAF	path:map00260	15972.166774891777
USDA_RUN22_D28.BAF	path:map00261	2293.4999999999995
USDA_RUN22_D28.BAF	path:map00270	11233.36699134199
USDA_RUN22_D28.BAF	path:map00280	1922.9682212438404
USDA_RUN22_D28.BAF	path:map00281	122.12863933452168
USDA_RUN22_D28.BAF	path:map00290	3169.6793650793647
USDA_RUN22_D28.BAF	path:map00300	5022.9749999999995
USDA_RUN22_D28.BAF	path:map00310	13069.990804216422
USDA_RUN22_D28.BAF	path:map00330	9170.02777777778
USDA_RUN22_D28.BAF	path:map00340	5079.011111111111
USDA_RUN22_D28.BAF	path:map00350	2963.7220279720277
USDA_RUN22_D28.BAF	path:map00360	4795.3169913419915
USDA_RUN22_D28.BAF	path:map00362	840.3649384155576
USDA_RUN22_D28.BAF	path:map00364	43.628571428571426
USDA_RUN22_D28.BAF	path:map00380	1163.8715734471925
USDA_RUN22_D28.BAF	path:map00400	4650.926515151516
USDA_RUN22_D28.BAF	path:map00401	827.7848484848485
USDA_RUN22_D28.BAF	path:map00410	1077.8132352941177
USDA_RUN22_D28.BAF	path:map00430	1647.354761904762
USDA_RUN22_D28.BAF	path:map00440	693.9166666666666
USDA_RUN22_D28.BAF	path:map00450	13200.819047619048
USDA_RUN22_D28.BAF	path:map00460	3173.4666666666662
USDA_RUN22_D28.BAF	path:map00471	1648.7777777777776
USDA_RUN22_D28.BAF	path:map00472	4945.666666666666
USDA_RUN22_D28.BAF	path:map00473	1693.8333333333333
USDA_RUN22_D28.BAF	path:map00480	5776.086147186147
USDA_RUN22_D28.BAF	path:map00500	66168.27580213893
USDA_RUN22_D28.BAF	path:map00511	23435.833333333332
USDA_RUN22_D28.BAF	path:map00520	62925.47699261512
USDA_RUN22_D28.BAF	path:map00521	4647.817468805703
USDA_RUN22_D28.BAF	path:map00531	719.7083333333334
USDA_RUN22_D28.BAF	path:map00540	10214.916666666666
USDA_RUN22_D28.BAF	path:map00550	18111.25
USDA_RUN22_D28.BAF	path:map00561	45348.735714285714
USDA_RUN22_D28.BAF	path:map00564	11701.77380952381
USDA_RUN22_D28.BAF	path:map00620	41000.68596608069
USDA_RUN22_D28.BAF	path:map00622	99.44444444444444
USDA_RUN22_D28.BAF	path:map00625	2264.173290598291
USDA_RUN22_D28.BAF	path:map00627	423.531746031746
USDA_RUN22_D28.BAF	path:map00630	22193.102566147303
USDA_RUN22_D28.BAF	path:map00633	1286.7923076923078
USDA_RUN22_D28.BAF	path:map00640	25161.21554336616
USDA_RUN22_D28.BAF	path:map00643	310.2261904761905
USDA_RUN22_D28.BAF	path:map00650	17167.441878142494
USDA_RUN22_D28.BAF	path:map00660	1560.1396825396826
USDA_RUN22_D28.BAF	path:map00670	6498.161904761905
USDA_RUN22_D28.BAF	path:map00680	13037.289421689416
USDA_RUN22_D28.BAF	path:map00710	20606.048809523792
USDA_RUN22_D28.BAF	path:map00720	19772.59678859152
USDA_RUN22_D28.BAF	path:map00730	7006.25
USDA_RUN22_D28.BAF	path:map00740	1958.35
USDA_RUN22_D28.BAF	path:map00750	2341.0416666666665
USDA_RUN22_D28.BAF	path:map00760	8566.87619047619
USDA_RUN22_D28.BAF	path:map00770	4947.072222222222
USDA_RUN22_D28.BAF	path:map00780	6222.666666666666
USDA_RUN22_D28.BAF	path:map00785	1903.5
USDA_RUN22_D28.BAF	path:map00790	8028.166666666667
USDA_RUN22_D28.BAF	path:map00791	85.14999999999999
USDA_RUN22_D28.BAF	path:map00860	10587.241666666667
USDA_RUN22_D28.BAF	path:map00900	5425.98709273183
USDA_RUN22_D28.BAF	path:map00903	55.088235294117645
USDA_RUN22_D28.BAF	path:map00910	6989.636796536796
USDA_RUN22_D28.BAF	path:map00920	10739.169047619047
USDA_RUN22_D28.BAF	path:map00930	53.866013071895424
USDA_RUN22_D28.BAF	path:map00960	541.8265151515152
USDA_RUN22_D28.BAF	path:map00970	71130.6
USDA_RUN22_D28.BAF	path:map00983	8603.194047619048
USDA_RUN22_D28.BAF	path:map01053	495.46666666666664
USDA_RUN22_D28.BAF	path:map01100	452883.52452066314
USDA_RUN22_D28.BAF	path:map01110	149576.52285843744
USDA_RUN22_D28.BAF	path:map01120	130030.37697376657
USDA_RUN22_D28.BAF	path:map01130	96307.7621441514
USDA_RUN22_D28.BAF	path:map01200	79494.08971935375
USDA_RUN22_D28.BAF	path:map01210	6605.776298701298
USDA_RUN22_D28.BAF	path:map01212	7281.04203076765
USDA_RUN22_D28.BAF	path:map01230	43970.723520923515
USDA_RUN22_D28.BAF	path:map01501	19782
USDA_RUN22_D28.BAF	path:map01502	3680.583333333333
USDA_RUN22_D28.BAF	path:map01503	17470.583333333332
USDA_RUN22_D28.BAF	path:map02010	402686.6666666667
USDA_RUN22_D28.BAF	path:map02020	58543.99416343889
USDA_RUN22_D28.BAF	path:map02024	77245.99166666667
USDA_RUN22_D28.BAF	path:map02025	3492.6583333333333
USDA_RUN22_D28.BAF	path:map02026	40355.12499999997
USDA_RUN22_D28.BAF	path:map02030	40758
USDA_RUN22_D28.BAF	path:map02040	2134.8333333333335
USDA_RUN22_D28.BAF	path:map02060	29651.083333333332
USDA_RUN22_D28.BAF	path:map03010	251222
USDA_RUN22_D28.BAF	path:map03018	58485.628571428555
USDA_RUN22_D28.BAF	path:map03030	16211.404761904765
USDA_RUN22_D28.BAF	path:map03060	15362.666666666662
USDA_RUN22_D28.BAF	path:map03070	15532.833333333328
USDA_RUN22_D28.BAF	path:map03410	6815.4047619047615
USDA_RUN22_D28.BAF	path:map03430	15902.666666666668
USDA_RUN22_D28.BAF	path:map03440	41988.73809523809
USDA_RUN22_D28.BAF	path:map04112	38747.5
USDA_RUN22_D28.BAF	path:map04122	9032.466666666667
USDA_RUN22_D28.BAF	path:map04964	259.69444444444446
USDA_RUN22_D28.BAF	path:map05111	11937.283333333335
